{
  "perf_obj": {
    "L": 0.23360906581368376,
    "E": 0.2650401111571243,
    "C": 0.31864469025312786,
    "J": 0.18270613277606404,
    "Ploss": 0.0
  },
  "perf_prior": {
    "L": 0.3,
    "E": 0.3,
    "C": 0.3,
    "J": 0.05,
    "Ploss": 0.05
  },
  "perf_final": {
    "L": 0.26680453290684186,
    "E": 0.28252005557856213,
    "C": 0.3093223451265639,
    "J": 0.11635306638803203,
    "Ploss": 0.025
  },
  "sec_obj": {
    "Pr": 0.3919836809127106,
    "K": 0.3799977789165178,
    "Co": 0.0,
    "R": 0.2280185401707716
  },
  "sec_prior": {
    "Pr": 0.4,
    "K": 0.25,
    "Co": 0.3,
    "R": 0.05
  },
  "sec_final": {
    "Pr": 0.39599184045635527,
    "K": 0.31499888945825893,
    "Co": 0.15,
    "R": 0.1390092700853858
  },
  "macro_dispersion": {
    "P": 0.8,
    "S": 0.75,
    "P_weight_suggested": 0.5161290322580645,
    "S_weight_suggested": 0.4838709677419355
  },
  "macro_weights_suggested": {
    "P": 0.5161290322580645,
    "S": 0.4838709677419355
  }
}