{
  "perf_obj": {
    "L": 0.28843004002296246,
    "E": 0.22331838682997882,
    "C": 0.27581965479888065,
    "J": 0.2124319183481781,
    "Ploss": 0.0
  },
  "perf_prior": {
    "L": 0.3,
    "E": 0.3,
    "C": 0.3,
    "J": 0.05,
    "Ploss": 0.05
  },
  "perf_final": {
    "L": 0.29421502001148125,
    "E": 0.2616591934149894,
    "C": 0.2879098273994403,
    "J": 0.13121595917408904,
    "Ploss": 0.025
  },
  "sec_obj": {
    "Pr": 0.3753790312067163,
    "K": 0.36390085877618744,
    "Co": 0.0,
    "R": 0.2607201100170963
  },
  "sec_prior": {
    "Pr": 0.4,
    "K": 0.25,
    "Co": 0.3,
    "R": 0.05
  },
  "sec_final": {
    "Pr": 0.3876895156033582,
    "K": 0.3069504293880937,
    "Co": 0.15,
    "R": 0.15536005500854813
  },
  "macro_dispersion": {
    "P": 0.8,
    "S": 0.75,
    "P_weight_suggested": 0.5161290322580645,
    "S_weight_suggested": 0.4838709677419355
  },
  "macro_weights_suggested": {
    "P": 0.5161290322580645,
    "S": 0.4838709677419355
  }
}